{
    "density": {
        "mean": 0.34850474343458226
    },
    "phase": {
        "density Lo min": 1.003132,
        "density Ld max": 1.003131,
        "threshold": 1.003131313131313
    }
}