{
    "density": {
        "mean": 0.34850474343458226
    },
    "phase": {
        "threshold": 1.0039874314010848
    }
}