{
    "density": {
        "mean": 0.3411731520570062
    },
    "phase": {
        "density Lo min": 1.0536246236740205,
        "density Ld max": 0.9757113449736496,
        "threshold": 1.0414141414141413
    }
}