{
    "density": {
        "mean": 0.3492629423089485
    },
    "phase": {
        "density Lo min": 0.994849,
        "density Ld max": 0.994848,
        "threshold": 0.995
    }
}