{
    "density": {
        "mean": 0.34604928637092963
    },
    "phase": {
        "threshold": 1.0066819571792749
    }
}