{
    "density": {
        "mean": 0.3405811474684126
    },
    "phase": {
        "threshold": 1.0156866210189828
    }
}