{
    "density": {
        "mean": 0.3452694396184943
    },
    "phase": {
        "density Lo min": 1.020001,
        "density Ld max": 1.02,
        "threshold": 1.02
    }
}