{
    "density": {
        "mean": 0.3452694396184943
    },
    "phase": {
        "threshold": 1.0050888626834988
    }
}