{
    "density": {
        "mean": 0.34535946530880385
    },
    "phase": {
        "density Lo min": 1.0654476833078461,
        "density Ld max": 1.0121191290642806,
        "threshold": 1.0171717171717172
    }
}