{
    "density": {
        "mean": 0.3492629423089485
    },
    "phase": {
        "density Lo min": 0.995051,
        "density Ld max": 0.99505,
        "threshold": 0.9950505050505051
    }
}