{
    "density": {
        "mean": 0.3492629423089485
    },
    "phase": {
        "threshold": 1.003637553949892
    }
}